Cidades,Nome da cidade,País,País,Visualizações,Tempo de exibição (horas),Duração média da visualização
Total,,,,132064,2330.4173,0:01:03
0x7b3aaac26460531:0x5d8b404cf00fed69,Natal,BR,BR-RN,8056,178.3596,0:01:19
0x94ce448183a461d1:0x9ba94b08ff335bae,São Paulo,BR,BR-SP,4922,59.9656,0:00:43
0x9bde559108a05b:0x50dc426c672fd24e,Rio de Janeiro,BR,BR-RJ,2206,23.31,0:00:38
0x7c74f21f6c15c2f:0xfd6d6706cb7927aa,Fortaleza,BR,BR-CE,1788,29.5985,0:00:59
0xa690cacacf2c33:0x5b35795e3ad23997,Belo Horizonte,BR,BR-MG,1317,15.7513,0:00:43
0x7b2f876e5d327eb:0xff5050610bbf80db,Parnamirim,BR,BR-RN,1287,14.0904,0:00:39
0x935a3d18df9ae275:0x738470e469754a24,Brasília,BR,BR-DF,954,9.8615,0:00:37
0x7ba06e074d5ce0b:0x46694ffe5df19ebe,Mossoró,BR,BR-RN,836,6.6753,0:00:28
0x7ab196f94e5408b:0xe5800ef782bde3a6,Recife,BR,BR-PE,827,9.9619,0:00:43
0x94dce35351cdb3dd:0x6d2f6ba5bacbe809,Curitiba,BR,BR-PR,815,8.0104,0:00:35
0x716112050422ebd:0xf71c84369573db9d,Salvador,BR,BR-BA,792,8.1165,0:00:36
0x94c8c61de74b6325:0x17e53a6a2178c22a,Campinas,BR,BR-SP,711,7.7346,0:00:39
0x935ef6bd58d80867:0xef692bad20d2678e,Goiânia,BR,BR-GO,558,6.2881,0:00:40
0x95199cd2566acb1d:0x603111a89f87e91f,Porto Alegre,BR,BR-RS,555,5.4832,0:00:35
0x7ace839019aa3d7:0x6e414a9c6d26db34,João Pessoa,BR,BR-PB,447,4.556,0:00:36
0x926c1bc8b37647b7:0x2b485c9ff765a9cc,Manaus,BR,BR-AM,447,4.4248,0:00:35
0x70146fcd6688849:0xee2c725b43e07653,Maceió,BR,BR-AL,404,3.6619,0:00:32
0x92a461af84756ce1:0x570d540215864c35,Belém,BR,BR-PA,399,3.6017,0:00:32
0x71ab04015be27cd:0x804434fd92ec3b36,Aracaju,BR,BR-SE,364,3.8158,0:00:37
0x9527394eb2c632d7:0x81bc550b6a04c746,Florianópolis,BR,BR-SC,332,2.7912,0:00:30
0x7b0f2592da58feb:0x78da3ff6e4016c42,Açu,BR,BR-RN,309,2.7167,0:00:31
0x7f68ff06f7f6d21:0x983102e459a3de47,São Luís,BR,BR-MA,305,2.9412,0:00:34
0x94cc4bb3858cc2e7:0xba25a33168f8c1,São José dos Campos,BR,BR-SP,305,3.1984,0:00:37
0x94ce4278871d7eef:0x9eaaca862adb4ede,Santo André,BR,BR-SP,297,2.3537,0:00:28
0x94deafdc40afbc4b:0x4b39d148cac10ae7,Joinville,BR,BR-SC,287,2.4777,0:00:31
0x94cef53fb1b5e26d:0x974ce18d22c3555b,Guarulhos,BR,BR-SP,286,2.6909,0:00:33
0xb817b2995d6bf1:0xf69aa51e4ff904b1,Vila Velha,BR,BR-ES,267,2.5371,0:00:34
0x78e32519a8599c7:0xd4483d47c29fd9c6,Teresina,BR,BR-PI,262,2.3355,0:00:32
0x9486e6726b2b9f27:0xf5a8469ebc84d2c1,Campo Grande,BR,BR-MS,257,2.3873,0:00:33
0x94a4450c10bbbaef:0xae370c93616d5c9c,Uberlândia,BR,BR-MG,255,2.5056,0:00:35
0x9985c034c8b985:0x262ee793dfcc1775,Niterói,BR,BR-RJ,228,2.1942,0:00:34
0x94c5f54bcad87989:0x4a9099fb9d10cb8e,Sorocaba,BR,BR-SP,218,1.7995,0:00:29
0x94b9bf1d68acc21d:0x37b8ee0abedeea39,Ribeirão Preto,BR,BR-SP,217,2.0169,0:00:33
0x94eb435a57af586d:0x23ac11a5c614f971,Londrina,BR,BR-PR,205,2.0347,0:00:35
0x7ac1e5f43201c85:0xc9656aec3aa6af51,Campina Grande,BR,BR-PB,201,2.0205,0:00:36
0x94ce3fc6927dd0c3:0xcdcd0d550f9656cf,São Bernardo do Campo,BR,BR-SP,201,2.1365,0:00:38
0x989c43e1f85da1:0x6236b026b3a0a468,Juiz de Fora,BR,BR-MG,196,1.4822,0:00:27
0x7b1d60c556d3a7d:0x4a693f33df757168,Currais Novos,BR,BR-RN,195,1.537,0:00:28
0x94ceff085b9ef207:0xf21e27d4c824c4e,Osasco,BR,BR-SP,185,1.7506,0:00:34
0x94df1e408b5c3095:0xacfb8520bc1a7644,Blumenau,BR,BR-SC,183,1.9671,0:00:38
0x939da56670d84fc5:0x4e504e08900e510e,Cuiabá,BR,BR-MT,182,2.223,0:00:43
0x7b3dc119a53884d:0x3f0cc62d53cda2c9,João Câmara,BR,BR-RN,181,1.6842,0:00:33
0x94ce03423c3b1c3b:0x584dceedfc63644f,Santos,BR,BR-SP,176,1.427,0:00:29
0x94ecd6ee42618c1f:0xc356592828e03925,Maringá,BR,BR-PR,171,1.5718,0:00:33
0x7b27683c240dddb:0x331d2ec031e01ab8,Santo Antônio,BR,BR-RN,165,1.5506,0:00:33
0xb83d5d85374ee9:0x97595e7ea70ed809,Vitória,BR,BR-ES,164,1.5581,0:00:34
0x7afed967d8e39a1:0xa3ea45eaea46de3b,Caicó,BR,BR-RN,159,1.4307,0:00:32
0x9972edfbe838f5:0x672bb060c280a52a,Duque de Caxias,BR,BR-RJ,151,1.1882,0:00:28
0x94cf24293cc00531:0xf686a1c1163c6bbb,Jundiaí,BR,BR-SP,149,1.4056,0:00:33
0x94b0a9b35dc60831:0x68b8558a69681462,Franca,BR,BR-SP,142,1.2306,0:00:31
0xa694c47adf61e9:0x5132472e55aea70c,Contagem,BR,BR-MG,141,1.1163,0:00:28
0x7b3acc9c09de343:0xb7cb25040c2d108e,São Gonçalo do Amarante,BR,BR-RN,139,1.3707,0:00:35
0x7aae28fb2057b8d:0x5ff50166f4ee58b1,Jaboatão dos Guararapes,BR,BR-PE,134,1.1468,0:00:30
0x7b29ad52d1affcf:0x83616ed82aed7626,Pipa,BR,BR-RN,131,0.9975,0:00:27
0x71439dbd0766da9:0xed4d58d8df9d5ffe,Feira de Santana,BR,BR-BA,130,1.1913,0:00:32
0x8d9305cacbaaa4db:0xb72e65c7a9d75f45,Boa Vista,BR,BR-RR,126,2.0146,0:00:57
0x94bdad614c2df789:0x8f2fb0f070642c09,São José do Rio Preto,BR,BR-SP,124,1.2612,0:00:36
0x9ea2ac4b4e5c1d:0xd475bc9356fcad22,Volta Redonda,BR,BR-RJ,124,1.1644,0:00:33
0xb81fa3965b36af:0x521cd91111dd2e08,Serra,BR,BR-ES,123,0.9367,0:00:27
0x7b1fbebe99aa675:0xdc92d59b9446df0a,Santa Cruz,BR,BR-RN,118,1.2381,0:00:37
0x92325b665998520b:0x75d0f25ad2c5198b,Porto Velho,BR,BR-RO,113,1.0519,0:00:33
0x7b25230dac88e1b:0x7195c0a9f2b9d399,Macaíba,BR,BR-RN,109,0.9213,0:00:30
0x94ce1f9dd9bf50e5:0x83b44c5ff623bb51,Praia Grande,BR,BR-SP,109,0.9733,0:00:32
0x9990f48a8830e1:0x96e11303c14c3674,São Gonçalo,BR,BR-RJ,108,1.0097,0:00:33
0x94cdd851f596f5e1:0x6ccc8b4e43c28b9f,Mogi das Cruzes,BR,BR-SP,107,0.9527,0:00:32
0x94c631c14f4c9d3b:0x270ec30013dc341c,Piracicaba,BR,BR-SP,100,0.9461,0:00:34
0xafffe7a9289aff:0x8f04aebcd0ce11f4,Ipatinga,BR,BR-MG,100,1.0352,0:00:37
0x705d59f85ab6275:0x60b6f0374f7f3fba,Arapiraca,BR,BR-AL,98,0.8186,0:00:30
0x94bf689c0ddaa221:0x251c368f6fa134a0,Bauru,BR,BR-SP,98,0.8595,0:00:31
0x951ebcd16435f073:0xf514f707b5773bf4,Caxias do Sul,BR,BR-RS,98,0.8418,0:00:30
0x7ad8fb3d81d0a07:0x3db470621b2d143a,Nova Cruz,BR,BR-RN,97,0.8276,0:00:30
0x94e81ac65f102321:0xacb0f4e64629b2f1,Ponta Grossa,BR,BR-PR,90,0.8705,0:00:34
0x995d694889f955:0x23ff502568217834,Nova Iguaçu,BR,BR-RJ,89,0.7101,0:00:28
0x97073d3c0566d5:0x5115f34a20c5ad67,Cabo Frio,BR,BR-RJ,87,0.7066,0:00:29
0x97b4d9abd0d487:0x1adf24037f21b4b2,Rio das Ostras,BR,BR-RJ,86,0.8443,0:00:35
0x94bfd72c62b64a63:0xa6490d177f5adcfa,Marília,BR,BR-SP,85,0.7512,0:00:31
0x94d8cc949bf3cf61:0xef02eadd26842207,Itajaí,BR,BR-SC,84,0.8764,0:00:37
0x7ab158cdfd2af59:0x29d02a55f0b8b31e,Paulista,BR,BR-PE,83,0.6796,0:00:29
0x7b3ba9a78752cb7:0x3d7bde314ec9ded5,Ceará-Mirim,BR,BR-RN,83,0.6548,0:00:28
0x92c55fa57838978f:0x9b2552d5a3c79685,Imperatriz,BR,BR-MA,83,0.8558,0:00:37
0x94ce7176a5cf4309:0x7678f276a368e6e2,Suzano,BR,BR-SP,80,1.1641,0:00:52
0x7adb41082fa56fb:0x1d6fccb961a28124,Guarabira,BR,BR-PB,79,0.9776,0:00:44
0x92a45fe447932a59:0xf3812b35573454d3,Ananindeua,BR,BR-PA,79,0.7685,0:00:35
0x94cf4ca60d3490fd:0x22c4318b2dde5682,Indaiatuba,BR,BR-SP,79,0.8306,0:00:37
0x95274a45dbfb5d61:0x100bf170797fe362,São José,BR,BR-SC,79,0.8429,0:00:38
0x7463b073025e405:0x78be45452bd92ae3,Vitória da Conquista,BR,BR-BA,78,0.6357,0:00:29
0x7bad6a41f7216d3:0x2799cbfa6bc83582,Martins,BR,BR-RN,75,0.5758,0:00:27
0xab54b430dce6f5:0x231bf948b0041bbb,Montes Claros,BR,BR-MG,75,0.7137,0:00:34
0x95197aa8021e5571:0xd0de460f7518f586,Canoas,BR,BR-RS,73,0.7973,0:00:39
0xb1a7947c2e06c7:0x76454399f628aa6f,Governador Valadares,BR,BR-MG,72,0.737,0:00:36
0x94ccf8ea3cf365e7:0xe826950860bd7f50,Taubaté,BR,BR-SP,70,0.75,0:00:38
0x7a1789b9e348137:0x6fac36329d98a8ea,Juazeiro do Norte,BR,BR-CE,69,0.8353,0:00:43
0x7ab17fa77c07f29:0x78d856ff05dd791,Olinda,BR,BR-PE,69,0.6893,0:00:35
0x9288f9213cb04ad5:0x80be3f9dd767d647,Santarém,BR,BR-PA,69,0.6167,0:00:32
0x9503ca434a8b9533:0x635dcc96e4d7a4d9,Santa Maria,BR,BR-RS,68,0.7119,0:00:37
0x94c8bcfd64c3182d:0x8e575af90f766b31,Sumaré,BR,BR-SP,67,0.5635,0:00:30
0x94c9c32c478c87cf:0xfb00e9b3715381fe,Poços de Caldas,BR,BR-MG,67,0.4769,0:00:25
0x94cdcccd1a1b762b:0xd7feb2aaeb4805b2,Jacareí,BR,BR-SP,67,0.6035,0:00:32
0x94cecbb720773b17:0x670295f5c3baa2d4,Bragança Paulista,BR,BR-SP,67,0.7104,0:00:38
0x95104991ad796447:0x99bab4aec1bd644f,Pelotas,BR,BR-RS,66,0.4896,0:00:26
0x99007e82d9236f:0xa9241871d369007a,Petrópolis,BR,BR-RJ,66,0.409,0:00:22
0x7b25fc7358f3f71:0x156ca96a2341ac50,São José de Mipibu,BR,BR-RN,65,0.4806,0:00:26
0x935efbd4bcc9396d:0x138ecc5abca8e4e8,Aparecida de Goiânia,BR,BR-GO,63,0.6542,0:00:37
0x94bad03162627637:0x8e83d9edb0f8e15c,Uberaba,BR,BR-MG,58,0.5475,0:00:33
0x996454fda3e67b:0x7a3f4c17541603a3,São João de Meriti,BR,BR-RJ,58,0.4662,0:00:28
0x94c0184fc63ff343:0x3431a2108ac1f4c,Ourinhos,BR,BR-SP,57,0.5623,0:00:35
0xbdd5d1be81b545:0xee97b136e7168ee1,Campos dos Goytacazes,BR,BR-RJ,57,0.6244,0:00:39
0x8d61e5e06b4b1a37:0x56357df330df0f97,Macapá,BR,BR-AP,56,0.5554,0:00:35
0x9493f45d3ca3d435:0x7db8d361d2635f6a,Presidente Prudente,BR,BR-SP,56,0.5952,0:00:38
0x94c7dba833b7ed7d:0xeff01d8a3c639a61,Rio Claro,BR,BR-SP,56,0.4318,0:00:27
0x94c890ab2f6cf6c5:0xb2d4b062498ecda8,Americana,BR,BR-SP,56,0.5809,0:00:37
0x94b87726bb9dd181:0xd9d7d71505999bc,São Carlos,BR,BR-SP,55,0.4661,0:00:30
0x94b8f15fecb7508b:0xbdaebe35da49b086,Araraquara,BR,BR-SP,55,0.4722,0:00:30
0x952181e2d391d045:0x5333d655f0ed7675,Criciúma,BR,BR-SC,55,0.396,0:00:25
0xa6c24a5fb01f9b:0xdae51d9facff118f,Betim,BR,BR-MG,54,0.556,0:00:37
0x935ea462bcef4687:0xcffa52b54537af5a,Anápolis,BR,BR-GO,53,0.4822,0:00:32
0x94f3d41ec7f74d61:0xebac32ece05a5fbc,Cascavel,BR,BR-PR,53,0.4525,0:00:30
0x94f690ebae530a43:0x21979473b4c4a952,Foz do Iguaçu,BR,BR-PR,53,0.6269,0:00:42
0xa0a5bc241bce2f:0xf7e939bd5077b17d,Divinópolis,BR,BR-MG,53,0.459,0:00:31
0x94ce1be795087ec7:0xe6e95e9915fa8605,São Vicente,BR,BR-SP,52,0.454,0:00:31
0x94ce445de3962263:0x9ca2ba904b9421db,Diadema,BR,BR-SP,52,0.4857,0:00:33
0x94dcf649d28f7973:0xf51762bd3bc2d656,São José dos Pinhais,BR,BR-PR,52,0.3717,0:00:25
0x933b3439911f1257:0x93b8070d05c818f,Palmas,BR,BR-TO,51,0.6587,0:00:46
0x996f6e2b493369:0xbb7fb4c04edcc270,Belford Roxo,BR,BR-RJ,51,0.6284,0:00:44
0x7163e1a53f73969:0xdd9b017baf4d24c2,Lauro de Freitas,BR,BR-BA,50,0.598,0:00:43
0xa65aa48d5ab029:0x3158b7984cbbf15f,Sete Lagoas,BR,BR-MG,50,0.3944,0:00:28
0xa68d65ce6647bb:0xf6b57930a4c07785,Ribeirão das Neves,BR,BR-MG,50,0.7363,0:00:53
0x7a4ae2fdc5318ad:0x1a2e86a420ca538e,São Miguel,BR,BR-RN,49,0.3798,0:00:27
0x94cd639daab97a29:0x965051c5272e303e,Caraguatatuba,BR,BR-SP,49,0.3978,0:00:29
0x94de94ec45c735ad:0xd528660baaf1e754,Jaraguá do Sul,BR,BR-SC,49,0.4318,0:00:31
0x94c88055b6df0dc3:0x1b0ef5f339809ecd,Limeira,BR,BR-SP,48,0.3646,0:00:27
0x94ce7c8d172d5a85:0x453b3d4d5bc111d7,Itaquaquecetuba,BR,BR-SP,48,0.3637,0:00:27
0x998d9fc58eb9a7:0x853ea58d8bafb4f6,Maricá,BR,BR-RJ,48,0.3246,0:00:24
0xa1f575a56f36c7:0x352b824be8a084e2,Barbacena,BR,BR-MG,48,0.3387,0:00:25
0x7c0b56dfdbff18d:0xa8ded9006dd0d827,Caucaia,BR,BR-CE,47,0.4284,0:00:32
0x94ce5c58617ee83b:0xc53b6605800244b2,São Caetano do Sul,BR,BR-SP,47,0.4985,0:00:38
0x7070d200a110927:0x51f45fae994f83b3,Garanhuns,BR,BR-PE,46,0.5232,0:00:40
0x9359823fe2633e47:0x6705012ead5650af,Novo Gama,BR,BR-DF,46,0.5532,0:00:43
0x94ca8d430fe13d3d:0xe33534145f319cfd,Varginha,BR,BR-MG,45,0.5013,0:00:40
0x94ce546123a13c61:0x1f856c4bbae6eb84,Taboão da Serra,BR,BR-SP,45,0.4177,0:00:33
0xb857603fd9399d:0xb44c9166b2c1b315,Guarapari,BR,BR-ES,45,0.3378,0:00:27
0x94cf004a6c29542f:0x89d7d06ffc024cbf,Carapicuíba,BR,BR-SP,44,0.4554,0:00:37
0x94cfa8da1b269d77:0xb03b39035ef04ea5,Cotia,BR,BR-SP,44,0.4266,0:00:34
0x7954b6af4595227:0xe0ece6e4f3ec3d5b,Sobral,BR,BR-CE,43,0.4339,0:00:36
0x94cf03dd6a1db995:0x70548836d6e4a9a2,Barueri,BR,BR-SP,43,0.6945,0:00:58
0x94cfd54e9bf2326d:0x322103163db80ccb,Itanhaém,BR,BR-SP,43,0.4068,0:00:34
0x94d8b65cc2e52aad:0x2dc004f5e6adebc4,Balneário Camboriú,BR,BR-SC,43,0.4395,0:00:36
0x9527320ed5be2ac1:0x3d87163b9d90aa06,Palhoça,BR,BR-SC,43,0.4166,0:00:34
0x94ce00420b733eab:0xf42377f671ac1314,Guarujá,BR,BR-SP,42,0.3356,0:00:28
0x94ce69549e48e43f:0xe210627a68fc88df,Mauá,BR,BR-SP,42,0.347,0:00:29
0x92a5af3f73727753:0xfbb120300e172d46,Castanhal,BR,BR-PA,41,0.4992,0:00:43
0x95190ce6fc96447f:0x1fa4b4a901f40597,Gravataí,BR,BR-RS,40,0.3153,0:00:28
0x917f7bb68acc96f3:0x8ab88f1d7f1d9b3c,Rio Branco,BR,BR-AC,39,0.406,0:00:37
0xa686b107f0f8eb:0xff4527c57ed28253,Santa Luzia,BR,BR-MG,39,0.2527,0:00:23
0x7737a8452b2d649:0xa0e71dc0c94e0aed,Petrolina,BR,BR-PE,38,0.5752,0:00:54
0x7b22f8ce4cc29c7:0xa2be3cf41fbc7387,São Paulo do Potengi,BR,BR-RN,38,0.2905,0:00:27
0x9519424ad6403661:0x5d959f79a24a61c8,Novo Hamburgo,BR,BR-RS,38,0.2093,0:00:19
0x94c5d85d684d6c69:0x9b69b0dd15b43d0a,Tatuí,BR,BR-SP,37,0.2199,0:00:21
0x94c7260edd4e582b:0x798fe74168f8d19b,Botucatu,BR,BR-SP,37,0.3052,0:00:29
0x94c8cdaee7763fcf:0x382e43ff2cf3dd00,Valinhos,BR,BR-SP,37,0.2967,0:00:28
0x94ce7adb7b470301:0xdacb5b740208149,Poá,BR,BR-SP,37,0.31,0:00:30
0xb95d3d7ef7ecb9:0xa68aadb2a822a95,Cachoeiro de Itapemirim,BR,BR-ES,37,0.3112,0:00:30
0x94c8b95bfb508f39:0x1ce857c1058169b4,Hortolândia,BR,BR-SP,36,0.3244,0:00:32
0x9526ca8d9036d5d3:0x222b8b3dc2b114ce,Imbituba,BR,BR-SC,36,0.6066,0:01:00
0x7aa24fd35ab44f5:0xd902825d05a2cec9,Bezerros,BR,BR-PE,35,0.3349,0:00:34
0x94e2bf7ecbc632df:0x8370fe5f60075c2b,Passo Fundo,BR,BR-RS,35,0.4004,0:00:41
0x95119baebc1a1471:0x7be08e7dc9440b88,Rio Grande,BR,BR-RS,35,0.2601,0:00:26
0x739ab1ec404e2fb:0xc99a7293581f2b67,Itabuna,BR,BR-BA,34,0.3254,0:00:34
0x949644777aaaf101:0xe8b1a2cfce0a1d27,Araçatuba,BR,BR-SP,34,0.3812,0:00:40
0x94bc1e6b7f228597:0x2af440e5dd0adb6e,Catanduva,BR,BR-SP,34,0.2325,0:00:24
0x94cb638240ee9d05:0x9c782630346ca79d,Itajubá,BR,BR-MG,34,0.2467,0:00:26
0x95187831add3070b:0x4b0a228bd2c5b9bf,Xangri-Lá,BR,BR-RS,34,0.2788,0:00:29
0x94ae6296b0810f37:0xde10e83104493c78,Patos de Minas,BR,BR-MG,33,0.2173,0:00:23
0x94cbc760a7bfd6cf:0x4c8a471861feb268,Pouso Alegre,BR,BR-MG,33,0.2551,0:00:27
0x952142592ca52293:0xf8e8b689980101de,Tubarão,BR,BR-SC,33,0.223,0:00:24
0x99b2d304f9e55f:0x7bf2f5c84f7654a5,Teresópolis,BR,BR-RJ,33,0.2581,0:00:28
0x7aaf07ec0088f1f:0x79afc0089b9afbdc,Cabo de Santo Agostinho,BR,BR-PE,32,0.2933,0:00:32
0x94c9cbbab512b431:0x14f2aac65c4a4c81,São João da Boa Vista,BR,BR-SP,32,0.2226,0:00:25
0x94e01f2d554bdff5:0x1d1feec5ba930bb7,Lages,BR,BR-SC,32,0.2542,0:00:28
0x9630267844443b:0x9840d1e83fd0de59,Macaé,BR,BR-RJ,32,0.2402,0:00:27
0x7a09188becb5d29:0x65c67ed66be67bf3,Salgueiro,BR,BR-PE,31,0.232,0:00:26
0x99a1369b6ae9c7:0x38dca2bae1a65323,Magé,BR,BR-RJ,31,0.2581,0:00:29
0x94b6c3b51bc0dabf:0x8e4ec776339fd64d,Passos,BR,BR-MG,30,0.207,0:00:24
0x94e4b5c94098efa5:0x6b810ae0d4ebfb6a,Chapecó,BR,BR-SC,30,0.2787,0:00:33
0xa3195a230fd9d1:0x319b198b4d9bda31,Ubá,BR,BR-MG,30,0.2243,0:00:26
0x76ed4b095788d41:0xe89c8ac1ddaeedf9,Irecê,BR,BR-BA,29,0.3305,0:00:41
0x7c752fbf294fc0b:0x141b9e35d1f1f7bc,Maracanaú,BR,BR-CE,29,0.2415,0:00:29
0x978a936f151283:0xff2b16c0bfb117c4,Nova Friburgo,BR,BR-RJ,29,0.3151,0:00:39
0xa3dfe8a2b7c767:0xc6792e00ae5e1d48,Conselheiro Lafaiete,BR,BR-MG,29,0.3124,0:00:38
0x7c75a680f6344f5:0xdf7b7d96071db65d,Eusébio,BR,BR-CE,28,0.2636,0:00:33
0x92c3a11f6e9a3be7:0xd5164004425256e9,Marabá,BR,BR-PA,27,0.2047,0:00:27
0x94df47e7c38fa4b3:0xf5e4cbe02813448,Brusque,BR,BR-SC,27,0.2069,0:00:27
0x9489a825ba544f99:0xd96ef82be62edddc,Dourados,BR,BR-MS,26,0.1996,0:00:27
0x951998a6d8f26441:0x15f42daa82b66d40,Viamão,BR,BR-RS,26,0.1893,0:00:26
0x976960700fa6fb:0xdecb667ffd84cc3c,Araruama,BR,BR-RJ,26,0.1417,0:00:19
0xa1ce6415ba0a79:0xd777eca370ba8a76,São João del Rei,BR,BR-MG,26,0.2784,0:00:38
0x740af3f65676825:0x98b170b3cebd898b,Jequié,BR,BR-BA,25,0.2081,0:00:29
0x7aa54a93d22ad87:0x813856d6816ceb4b,Vitória de Santo Antão,BR,BR-PE,25,0.2319,0:00:33
0x93a77fe80bc27573:0x1207800617733e83,Sinop,BR,BR-MT,25,0.2481,0:00:35
0x94e381c302a05df7:0x7b6ae0431784abb7,Concórdia,BR,BR-SC,25,0.3371,0:00:48
0x9c5253944d458d:0xd96796845bd7fd3,Angra dos Reis,BR,BR-RJ,25,0.1153,0:00:16
0x7afb766f61853ad:0xc55c745a2a567029,Jardim do Seridó,BR,BR-RN,24,0.1616,0:00:24
0x94ccc43d2f182b09:0x4ff95ebd5d4a29a7,Guaratinguetá,BR,BR-SP,24,0.2626,0:00:39
0x94cf1b48cc9f4fbd:0x9e2a5b9e0e692e6c,Santana de Parnaíba,BR,BR-SP,24,0.3293,0:00:49
0x94cf5265d8ecfaed:0xe774edc5dd9694a7,Salto,BR,BR-SP,24,0.2282,0:00:34
0x94dd1992df425883:0x581666499c204c71,Campo Largo,BR,BR-PR,24,0.1893,0:00:28
0x7390a3f7b1d2a77:0xfc575920401943ea,Ilhéus,BR,BR-BA,23,0.1324,0:00:20
0x7aa8cf9890f4efb:0x5fc87330ce0960a7,Ipojuca,BR,BR-PE,23,0.2219,0:00:34
0x94c5cc70ba456a65:0x770be09241987369,Itapetininga,BR,BR-SP,23,0.2218,0:00:34
0x94c7580297897717:0x2014cdea99a6a82e,Jaú,BR,BR-SP,23,0.2297,0:00:35
0x94c870cc12a095e9:0x888552ad0cb59b45,Araras,BR,BR-SP,23,0.3015,0:00:47
0x94cf5b325a970985:0xee86064475a064,Itu,BR,BR-SP,23,0.259,0:00:40
0x7aa4820180cfe83:0xbb9e178bc01d927,Gravatá,BR,BR-PE,22,0.2339,0:00:38
0x92d90dde5d8c4ffb:0x4a30e815e64dc4fc,Araguaína,BR,BR-TO,22,0.1391,0:00:22
0x92dd50f92324d7b3:0x8abd8fc75566af72,Parauapebas,BR,BR-PA,22,0.1543,0:00:25
0x94ce2883ba386b79:0x211da91fc6c0ccb9,Mongaguá,BR,BR-SP,22,0.2209,0:00:36
0x94cec11f46f1007d:0xc885a2d1bf078e37,Atibaia,BR,BR-SP,22,0.1131,0:00:18
0x94cfab703a900551:0xe5b57c51bbd4fcad,Embu das Artes,BR,BR-SP,22,0.2098,0:00:34
0x9e9bf8d9cfa62b:0x56dbc34364c7ad23,Barra Mansa,BR,BR-RJ,22,0.1402,0:00:22
0xbc606f20d4e52d:0x3836f9ce8f8f6baa,Itaperuna,BR,BR-RJ,22,0.2077,0:00:33
0x9361db7d2c321dc1:0xe7ac78da77d5dc69,Rio Verde,BR,BR-GO,21,0.2606,0:00:44
0x94cd5228bab1966d:0x9905169ef1825576,Ubatuba,BR,BR-SP,21,0.1838,0:00:31
0x9519722abb5e0dab:0x30b08253f7d32c93,Cachoeirinha,BR,BR-RS,21,0.1542,0:00:26
0x7ab107cc8ec5c4d:0x14cbb8134030c97b,Camaragibe,BR,BR-PE,20,0.156,0:00:28
0x935bb8f0f9cf13df:0x85d1886146dc5a99,Águas Lindas de Goiás,BR,BR-GO,20,0.1601,0:00:28
0x9490ca9ec015f91b:0xc889b717f554f80e,Andradina,BR,BR-SP,20,0.1105,0:00:19
0x94d0260fdd8be325:0x3d167a98073d2ec7,Peruíbe,BR,BR-SP,20,0.1094,0:00:19
0x95196f2ffd8aee35:0xddb77628a413401d,Sapucaia do Sul,BR,BR-RS,20,0.1154,0:00:20
0x9379c8415a99e261:0x68c26f5b554d755c,Rondonópolis,BR,BR-MT,19,0.2114,0:00:40
0x94c89d97dedd345f:0xfa0858713f645375,Santa Bárbara d'Oeste,BR,BR-SP,19,0.1577,0:00:29
0x94d27f94c6dd56fd:0x546010e330dcb8e7,São Sebastião,BR,BR-SP,19,0.1223,0:00:23
0x94d8cda045e175d7:0xbe2156a0f05ff9b6,Navegantes,BR,BR-SC,19,0.1861,0:00:35
0x94dce81bb32f665f:0x71a27a3f0e78b715,Colombo,BR,BR-PR,19,0.2269,0:00:42
0x94ef37c6596e4225:0xcb25a417a2355cc8,Guarapuava,BR,BR-PR,19,0.1585,0:00:30
0x951968315942f59b:0x1b4734205177f47c,São Leopoldo,BR,BR-RS,19,0.1554,0:00:29
0x951ca36e260866f5:0x84f108595f044705,Santa Cruz do Sul,BR,BR-RS,19,0.1546,0:00:29
0x99bff5afbc21c3:0x81cefcbdcd8acf65,Itaboraí,BR,BR-RJ,19,0.1796,0:00:34
0xa5074732765415:0xe75615374cb9bb9a,João Monlevade,BR,BR-MG,19,0.1019,0:00:19
0xa6a30042cd1f59:0xa317953d89263640,Nova Lima,BR,BR-MG,19,0.3503,0:01:06
0xbcc64152334a17:0x59481656f33750cc,Muriaé,BR,BR-MG,19,0.1464,0:00:27
0x7abdb5e2d2e2ef7:0xeceadff726b08cc,Surubim,BR,BR-PE,18,0.1351,0:00:27
0x7ec3adcd5926c75:0x45351f9daa75bb92,Parnaíba,BR,BR-PI,18,0.1377,0:00:27
0x94c85a6407e30b8f:0xc35136af8ca26d9b,Mogi Guaçu,BR,BR-SP,18,0.1405,0:00:28
0x94cceff3481bdbf7:0xb66dbe96dee49649,Pindamonhangaba,BR,BR-SP,18,0.1634,0:00:32
0x94cf2a851d59a719:0x1993f2010972ec6d,Itatiba,BR,BR-SP,18,0.2534,0:00:50
0x94cf32972381d79d:0x1dd8779027018146,Vinhedo,BR,BR-SP,18,0.2037,0:00:40
0x94ec9eb8eabb7b4b:0x16ffa0dc81365103,Apucarana,BR,BR-PR,18,0.2096,0:00:41
0x951975573d960927:0xd35a6d60bf12ddfe,Alvorada,BR,BR-RS,18,0.131,0:00:26
0xba9895ec84dbb7:0x38dc71b09b9e5763,Caratinga,BR,BR-MG,18,0.091,0:00:18
0x70930cc78a6f9ff:0xdb68770589a8cabb,Paulo Afonso,BR,BR-BA,17,0.2,0:00:42
0x9359847212701563:0x4215e06987627415,Valparaíso de Goiás,BR,BR-GO,17,0.2337,0:00:49
0x94e313f16fd2db3f:0x626616634f48836f,Erechim,BR,BR-RS,17,0.1585,0:00:33
0x94f935a34ec1d7c9:0xe7e3f8652b5d62bf,Santa Rosa,BR,BR-RS,17,0.1623,0:00:34
0x95222f063034e383:0x29c0b18c70b3efce,Araranguá,BR,BR-SC,17,0.0778,0:00:16
0x7366c2f220a58f5:0x4aa5d564de993100,Eunápolis,BR,BR-BA,16,0.1197,0:00:26
0x7a31e5ccc8ce973:0xe90f4b65137c123a,Iguatu,BR,BR-CE,16,0.1362,0:00:30
0x7a58af5820e65df:0xbdb334b1986d14f1,Patos,BR,BR-PB,16,0.0906,0:00:20
0x7aa1062799151b7:0x1c5a5441f352403f,Bonito,BR,BR-PE,16,0.0981,0:00:22
0x9492967c3c084e15:0x687880f51dc0f0e,Paranavaí,BR,BR-PR,16,0.1146,0:00:25
0x94a6666de91c2deb:0xe4ac11d6f01e3f68,Catalão,BR,BR-GO,16,0.1331,0:00:29
0x94b03701af9afc33:0xf9d101560efb5abd,Araxá,BR,BR-MG,16,0.1003,0:00:22
0x94b71829884a13b1:0x3da9bc95836b39a4,São Sebastião do Paraíso,BR,BR-MG,16,0.1823,0:00:41
0x94d8b10cf4da0413:0x231d20d09ad9775c,Itapema,BR,BR-SC,16,0.0993,0:00:22
0x94db9a9f47a5c1d3:0xcb6eebd1d18fb8e1,Paranaguá,BR,BR-PR,16,0.1496,0:00:33
0x94fd962af931d469:0xfca029b2de6a7c51,Cruz Alta,BR,BR-RS,16,0.0893,0:00:20
0x95193f737e8194df:0x571f590faf537198,Sapiranga,BR,BR-RS,16,0.125,0:00:28
0x951c3b525635c503:0x903e94cea10ccfe6,Bento Gonçalves,BR,BR-RS,16,0.1136,0:00:25
0x9522697517c81113:0xbe8eea8037e095d7,Torres,BR,BR-RS,16,0.1923,0:00:43
0xb624fa1ad6fe2b:0x51fd1d6a62e6fde0,Linhares,BR,BR-ES,16,0.1086,0:00:24
0x7061f7c1004603d:0x9ad205a3c0339894,Santana do Ipanema,BR,BR-AL,15,0.1096,0:00:26
0x71669db54e018a1:0xda0908d77a4e28ad,Camaçari,BR,BR-BA,15,0.1388,0:00:33
0x73e2a45a6a3f323:0x946c6ae973aa35c2,Santo Antônio de Jesus,BR,BR-BA,15,0.1591,0:00:38
0x76c56b43fbf9c45:0xd28cc2f5a189ff3b,Jacobina,BR,BR-BA,15,0.1397,0:00:33
0x7ab6ace8ae386b3:0xe4bf3f7928d2800b,Igarassu,BR,BR-PE,15,0.1446,0:00:34
0x9350a2912067fad5:0x6a35994b2edf538b,Formosa,BR,BR-GO,15,0.1137,0:00:27
0x94a231e725c3250f:0xb7ad5532a9c14226,Ituiutaba,BR,BR-MG,15,0.2206,0:00:52
0x94c80b7713b22f0f:0x41b5d305ee09d98c,Leme,BR,BR-SP,15,0.1226,0:00:29
0x94f39625c9aa06b9:0xaa4c447b0af0271b,Toledo,BR,BR-PR,15,0.0629,0:00:15
0x9961526f46bb6d:0xd2563dabf7a4ada2,Nilópolis,BR,BR-RJ,15,0.1901,0:00:45
0xa555c612fa6215:0x779bee68b7c110ea,Coronel Fabriciano,BR,BR-MG,15,0.1804,0:00:43
0x75f8aae10d4ae69:0x97810f362c2db8c5,Barreiras,BR,BR-BA,14,0.084,0:00:21
0x78bf16cf1e200a1:0x41ecdc5fb99aae3,Codó,BR,BR-MA,14,0.146,0:00:37
0x7a186ff4c51d805:0x7d3388b8f96d7405,Crato,BR,BR-CE,14,0.1406,0:00:36
0x94c126856d15e979:0xfc2fd0b3d0b3f78,Avaré,BR,BR-SP,14,0.1257,0:00:32
0x94df02f0c21fc5cd:0xf960ed6b0691370a,Indaial,BR,BR-SC,14,0.1041,0:00:26
0x94ecdaa47011c365:0x276d34db319d27d2,Sarandi,BR,BR-PR,14,0.1749,0:00:44
0x985f7ad65e87a5:0xa3fe7489ec5b6c1e,Três Rios,BR,BR-RJ,14,0.1211,0:00:31
0xa75645f4a34c39:0xecbc7e58d1b84cab,Nova Serrana,BR,BR-MG,14,0.1361,0:00:35
0xb35ef27ad4b0a3:0x189343164098195a,Teófilo Otoni,BR,BR-MG,14,0.174,0:00:44
0x70454eca8632865:0x30fd297430f81b1d,Penedo,BR,BR-AL,13,0.1044,0:00:28
0x7166b5105b7e591:0xce4ae4a48d9e6ace,Simões Filho,BR,BR-BA,13,0.1187,0:00:32
0x78e92368fcb0553:0xe21e8f9dcdce2bbf,Caxias,BR,BR-MA,13,0.1188,0:00:32
0x7ab6289b53fb53b:0xf45836ebbef680cb,Goiana,BR,BR-PE,13,0.1279,0:00:35
0x7c0ab6a38bc35a9:0x11b4ab0b067e89f3,Maranguape,BR,BR-CE,13,0.1077,0:00:29
0x7ebdbdcfbe66681:0x6ec8f325507490fb,Camocim,BR,BR-CE,13,0.1326,0:00:36
0x92af144e30cc4951:0x39dd24007e864a15,Capanema,BR,BR-PA,13,0.1538,0:00:42
0x92cca8698ee802cd:0x2bba199c20754c93,Lago da Pedra,BR,BR-MA,13,0.1255,0:00:34
0x935a6ff8c53ef657:0x6bacb765fe50147d,Planaltina,BR,BR-GO,13,0.1406,0:00:38
0x949614dbc17ff293:0x17db7a678a4bf9ad,Birigui,BR,BR-SP,13,0.1743,0:00:48
0x94bb8522e9e50a15:0x487b1dd782198bac,Barretos,BR,BR-SP,13,0.0982,0:00:27
0x94c3ee4126ef1783:0x1a9f6708b0d3be1,Itapeva,BR,BR-SP,13,0.1296,0:00:35
0x94cc516de4e6e1a3:0x6544283198cf070f,Caçapava,BR,BR-SP,13,0.0664,0:00:18
0x94ccc9201d468adf:0xc9ce9c4b4546c622,Lorena,BR,BR-SP,13,0.1134,0:00:31
0x94cdf0e312011589:0x30bcbbea6208aea8,Bertioga,BR,BR-SP,13,0.0686,0:00:19
0x94ce877adb2a22ab:0x47b075894ba3cf31,Arujá,BR,BR-SP,13,0.1052,0:00:29
0x94cf0605de97e6bd:0x5312706bb5ec989f,Itapevi,BR,BR-SP,13,0.0887,0:00:24
0x94cf61f1b2703025:0x616f1ead48951035,Votorantim,BR,BR-SP,13,0.0814,0:00:22
0x94dfb99bb4a9e4bb:0x3bd46c4e1410b1bb,Rio do Sul,BR,BR-SC,13,0.1256,0:00:34
0x95186607a0d8a30b:0x1f868499f78b9231,Osório,BR,BR-RS,13,0.0899,0:00:24
0x95aab9c2b437cc67:0xc5b4ec6e9354f7cd,Alegrete,BR,BR-RS,13,0.0936,0:00:25
0x9c077168631157:0xbf83d242ae07f5d2,Itaguaí,BR,BR-RJ,13,0.0966,0:00:26
0x70ffa80e7743ae5:0xc6ac8c23fb4b52b0,Itabaiana,BR,BR-SE,12,0.1268,0:00:38
0x73546a9c0f417ef:0x998e8c1f371f1c5b,Teixeira de Freitas,BR,BR-BA,12,0.1047,0:00:31
0x7ab9de402c11805:0x748a6afb6f59cf24,Nazaré da Mata,BR,BR-PE,12,0.0681,0:00:20
0x7ace600cb7d7b55:0xee555f0bba66d760,Santa Rita,BR,BR-PB,12,0.0981,0:00:29
0x7c1b364b0ef2211:0xc6efa20634a90dec,Itapipoca,BR,BR-CE,12,0.0888,0:00:26
0x7eb471b50dc8603:0x983b3c28be7f6677,Tianguá,BR,BR-CE,12,0.0803,0:00:24
0x7f6968b33fea777:0xef3e1f3623a6fbba,São José de Ribamar,BR,BR-MA,12,0.0872,0:00:26
0x92e0080191b1e839:0x3d8f8a041b3c10dd,Redenção,BR,BR-PA,12,0.1359,0:00:40
0x937635dce58d94ed:0x23578e4616944bd0,Campo Verde,BR,BR-MT,12,0.2067,0:01:02
0x94909866a1f06f3d:0xeb11fc7873829cf9,Três Lagoas,BR,BR-MS,12,0.1443,0:00:43
0x9495b803789ea39f:0xe5a9d8bbc523cfc,Tupã,BR,BR-SP,12,0.0891,0:00:26
0x94b3407e310a03fb:0xe38003484b267da6,Bom Despacho,BR,BR-MG,12,0.1427,0:00:42
0x94b7ce080f10d3af:0x7ec923476af3e837,São José do Rio Pardo,BR,BR-SP,12,0.1063,0:00:31
0x94bbe6a81c8c2e0f:0x2da192d382c1dbf4,Bebedouro,BR,BR-SP,12,0.0512,0:00:15
0x94c8f84855093d7d:0xf5faf40f7066c656,Mogi Mirim,BR,BR-SP,12,0.1224,0:00:36
0x94c909df31ceac29:0x8793885b1c2a4ad1,Jacutinga,BR,BR-MG,12,0.0855,0:00:25
0x94ce10f2c21f7651:0xaa349e6a7195a8cc,Cubatão,BR,BR-SP,12,0.0711,0:00:21
0x94ec15f3ce922ec9:0x22d83987d785ee98,Ivaiporã,BR,BR-PR,12,0.1136,0:00:34
0xa2d6c25268cdc3:0x5051d99f77674403,Cataguases,BR,BR-MG,12,0.1306,0:00:39
0xa5a113d676be4b:0xa1b1df8c51582d7,Itabira,BR,BR-MG,12,0.1666,0:00:49
0xa73e81163b914d:0x62d82242b7229322,Pará de Minas,BR,BR-MG,12,0.12,0:00:36
0xca0df27a5749f5:0xd8297d72c50d1b82,São Mateus,BR,BR-ES,12,0.1071,0:00:32
0x700a06b149b94c3:0x4552d966eafce872,Palmares,BR,BR-PE,11,0.0536,0:00:17
0x709f37c9facc19d:0x2c2fa646036c5902,Floresta,BR,BR-PE,11,0.0726,0:00:23
0x73696a94abc86ff:0x677df9529c95e80f,Porto Seguro,BR,BR-BA,11,0.0595,0:00:19
0x773718dc881547f:0xbcbb39e48d5134de,Juazeiro,BR,BR-BA,11,0.1044,0:00:34
0x7a472d082d8edb7:0x1c5023bf5f28ade8,Cajazeiras,BR,BR-PB,11,0.064,0:00:20
0x7a81bea87c5e28f:0x611a607959717bbb,Arcoverde,BR,BR-PE,11,0.1536,0:00:50
0x7aba05032cdd5d7:0xcc924b65587a89fb,Carpina,BR,BR-PE,11,0.1192,0:00:39
0x7bbd776ef1eb865:0x82fba3b801984c31,Limoeiro do Norte,BR,BR-CE,11,0.0738,0:00:24
0x7f695d40a5ce66d:0x4a173edc2236853a,Paço do Lumiar,BR,BR-MA,11,0.1228,0:00:40
0x92923812499d6595:0x86dcffd58f00f2f1,Altamira,BR,BR-PA,11,0.0995,0:00:32
0x92b34e74a7b770c3:0xad3da38e6bcd7dec,Pinheiro,BR,BR-MA,11,0.1149,0:00:37
0x933e95092e1983cd:0xfaca53991dbe1a76,Gurupi,BR,BR-TO,11,0.1486,0:00:48
0x9357a9f5b992fe35:0x116e3a2adcc66fdf,Unaí,BR,BR-MG,11,0.0609,0:00:19
0x93c99b035907e2af:0x2d69ac50e5e99e53,Ji-Paraná,BR,BR-RO,11,0.1158,0:00:37
0x94a736c10eb85f6b:0xb12b7b2d6ed28e1,Caldas Novas,BR,BR-GO,11,0.0632,0:00:20
0x94afba83e5e96d81:0x649f047e8c0afaf5,Patrocínio,BR,BR-MG,11,0.116,0:00:37
0x94c0b1579169e945:0x54e871d23794cf9e,Lençóis Paulista,BR,BR-SP,11,0.0927,0:00:30
0x94c895736c9dbcab:0xaff166a9c4289aef,Paulínia,BR,BR-SP,11,0.1177,0:00:38
0x94d8a51c087ff747:0x4cb5ed474985fb2f,Bombinhas,BR,BR-SC,11,0.1406,0:00:46
0x94d949169ad6c773:0x443379049d26f159,São Francisco do Sul,BR,BR-SC,11,0.0539,0:00:17
0x94dcee4d0fa83283:0xf5fb4b1a0e5bd311,Pinhais,BR,BR-PR,11,0.1108,0:00:36
0x94dd932b1ca27d09:0x298b4b995bf37198,Mafra,BR,BR-SC,11,0.0812,0:00:26
0x94e7127e5e9ea279:0x35cef8ef1c2e7669,Canoinhas,BR,BR-SC,11,0.0586,0:00:19
0x94eca3dd2dd8bb33:0x54d018e2265e65f,Arapongas,BR,BR-PR,11,0.1075,0:00:35
0x94f2d6aad88f12b7:0x62e741a44bc7bfc7,Umuarama,BR,BR-PR,11,0.0967,0:00:31
0x94f380475967f97f:0xa357d4327d2067de,Marechal Cândido Rondon,BR,BR-PR,11,0.0966,0:00:31
0x94fe9091a97f35f1:0x5f576c0ad8e18ca8,Santo Ângelo,BR,BR-RS,11,0.0961,0:00:31
0x950675847493ab7d:0x667e3efbe8e31985,Bagé,BR,BR-RS,11,0.0812,0:00:26
0x9ffd8039b103f9:0x39e3fcfba35cb1f3,Lavras,BR,BR-MG,11,0.072,0:00:23
0xa496767876aefb:0xbeafd149579e4133,Ponte Nova,BR,BR-MG,11,0.0914,0:00:29
0xa6bf368ae36c03:0x783091cfbc75d6fc,Ibirité,BR,BR-MG,11,0.1804,0:00:59
0xa87d533f4eb9a1:0x8ba5562a80e467b6,Curvelo,BR,BR-MG,11,0.0813,0:00:26
0x70f788b0aaeb211:0x67949bda80a215ba,Nossa Senhora da Glória,BR,BR-SE,10,0.0477,0:00:17
0x716bc4664f79dcd:0xa2750b2cba29fb80,Alagoinhas,BR,BR-BA,10,0.1169,0:00:42
0x7480b8d3c953517:0x895343b02eca8403,Itapetinga,BR,BR-BA,10,0.0698,0:00:25
0x78a6ed7c38368d7:0x6fee835a48aebaf3,Bacabal,BR,BR-MA,10,0.0855,0:00:30
0x79c1a9c5d138f79:0xc6310389d590337e,Picos,BR,BR-PI,10,0.1183,0:00:42
0x7a19d70f3f1a19b:0x88c32b032737cca2,Barbalha,BR,BR-CE,10,0.0742,0:00:26
0x7a45c0804e3e49d:0xf69be987abbd7f9b,Sousa,BR,BR-PB,10,0.0564,0:00:20
0x7b982a3a30d74a3:0x8c394db26dbbcbb,Russas,BR,BR-CE,10,0.114,0:00:41
0x7be9fc4afc3f5e3:0x4920f6ec47296ab2,Quixadá,BR,BR-CE,10,0.0914,0:00:32
0x925fd98e21d31be3:0x5c0cc4ab15463e7e,Itaituba,BR,BR-PA,10,0.0496,0:00:17
0x92aedecce67a1a81:0xc45456e67f178087,Bragança,BR,BR-PA,10,0.0807,0:00:29
0x92d5ef9625fb9fa5:0x697ed5cde68bbfe7,Balsas,BR,BR-MA,10,0.1743,0:01:02
0x936568b98de82d19:0x5b116056f92cb6e2,Barra do Garças,BR,BR-MT,10,0.1257,0:00:45
0x93a0b308d13521d7:0xf2956495aad74451,Sorriso,BR,BR-MT,10,0.0834,0:00:30
0x93a0f3c6a1d90b3b:0xd207602a5617a3b1,Lucas do Rio Verde,BR,BR-MT,10,0.1296,0:00:46
0x93b96a3d95d57afb:0xe7e64066c42d0702,Vilhena,BR,BR-RO,10,0.0486,0:00:17
0x94b53e528dc35689:0xed667d3a25bfa5ff,Campo Belo,BR,BR-MG,10,0.0893,0:00:32
0x94b57432ea519ac5:0x8eeca4457aa981a5,Boa Esperança,BR,BR-MG,10,0.0644,0:00:23
0x94b5f433c6140beb:0xbc2ca390b524e1,Alfenas,BR,BR-MG,10,0.0853,0:00:30
0x94b99ea39873626f:0x5aab56ce876b1d1d,Sertãozinho,BR,BR-SP,10,0.0475,0:00:17
0x94be14d250277975:0x3fc5d189489e0104,Lins,BR,BR-SP,10,0.0854,0:00:30
0x94bf29d05653289b:0x625578b5374a98f7,Ibitinga,BR,BR-SP,10,0.107,0:00:38
0x94c5fe085c847623:0x93377f74354cbb82,Porto Feliz,BR,BR-SP,10,0.0993,0:00:35
0x94c800cf86e876eb:0xc4448668de433e17,Pirassununga,BR,BR-SP,10,0.0537,0:00:19
0x94c9208c363a9279:0xf805920d4d3a55f2,Amparo,BR,BR-SP,10,0.0593,0:00:21
0x94cadce0fb6a859b:0x47c64fc358af46a5,Três Corações,BR,BR-MG,10,0.0702,0:00:25
0x94cfad63bcaa3ec5:0xcb5cbf33fd10fd27,Itapecerica da Serra,BR,BR-SP,10,0.0738,0:00:26
0x94d8a96722683abb:0xd95794b9cc95d33f,Tijucas,BR,BR-SC,10,0.0998,0:00:35
0x94d8b5dab463c5fb:0x19616693fcb2226d,Camboriú,BR,BR-SC,10,0.1526,0:00:54
0x94dbee2def8620f1:0xe1f069c76f033955,Matinhos,BR,BR-PR,10,0.1228,0:00:44
0x94dcff648f31a1f9:0x419537d146fb414,Fazenda Rio Grande,BR,BR-PR,10,0.0428,0:00:15
0x94eb59f61165866d:0x39f606e19c41cdfd,Cambé,BR,BR-PR,10,0.0541,0:00:19
0x94eca79579d8070b:0x86c186f3adc758ae,Rolândia,BR,BR-PR,10,0.0478,0:00:17
0x94ed5a10a4b58527:0x4e632448e884ca8,Cianorte,BR,BR-PR,10,0.0948,0:00:34
0x94ed751052cee71d:0x72e478adcc937cc6,Campo Mourão,BR,BR-PR,10,0.0965,0:00:34
0x9e778dd541f595:0x3823b6f49a15df81,Resende,BR,BR-RJ,10,0.0503,0:00:18
0xa367957b79280f:0x4e25ad202eccda06,Viçosa,BR,BR-MG,10,0.1361,0:00:48
0xa682ee7fa532db:0xfe66c0d614a51a84,Sabará,BR,BR-MG,10,0.1002,0:00:36
0xa6862fb00cd5a5:0x3cf970bcf251a923,Vespasiano,BR,BR-MG,10,0.1331,0:00:47
